n_neighbors,p,cross_validation_accuracy
7.000000,2.000000,0.572428
7.000000,3.000000,0.577423
8.000000,2.000000,0.562438
8.000000,3.000000,0.567433
9.000000,2.000000,0.569431
9.000000,3.000000,0.567433
10.000000,2.000000,0.570430
10.000000,3.000000,0.571429
